cvss,epss,kev,internet_exposed,criticality,asset_type,business_service,high_impact_event
7.4,0.098,0,0,Critical,Database,Identity Provider,1
9.1,0.843,1,1,High,API Service,Payment Gateway,1
8.9,0.152,0,0,Medium,Workstation,Customer Portal,1
8.5,0.159,1,1,Medium,Database,Payment Gateway,1
3.8,0.001,0,1,Critical,Database,Internal Operations,1
2.9,0.021,0,1,Low,Database,Core Banking,0
6.0,0.068,1,0,Medium,Workstation,Core Banking,1
8.0,0.001,1,0,Low,Application Gateway,Customer Portal,1
8.6,0.018,0,1,Medium,Database,Payment Gateway,1
9.9,0.99,1,1,Critical,API Service,Core Banking,1
5.8,0.196,0,1,High,Web Server,Core Banking,1
7.2,0.47,0,0,Medium,Database,Core Banking,1
8.6,0.003,0,1,Critical,Web Server,Customer Portal,1
6.5,0.011,0,0,Critical,Application Gateway,Customer Portal,1
6.3,0.001,1,1,Critical,Database,Customer Portal,1
5.4,0.054,0,0,High,Web Server,Customer Portal,0
7.7,0.442,1,1,High,Cloud Storage,Core Banking,1
9.8,0.011,1,0,High,Database,Payment Gateway,1
3.7,0.001,0,1,Critical,Workstation,Identity Provider,1
4.7,0.001,0,1,Medium,Web Server,Internal Operations,0
8.4,0.386,0,0,Medium,Application Gateway,Core Banking,1
5.8,0.367,0,0,High,API Service,Core Banking,1
5.2,0.03,0,1,Critical,Application Gateway,Core Banking,1
5.9,0.064,0,0,Critical,Cloud Storage,Customer Portal,1
8.5,0.001,1,0,High,Workstation,Customer Portal,1
8.7,0.257,0,0,Critical,Database,Payment Gateway,1
5.4,0.266,0,1,High,Database,Identity Provider,1
7.9,0.001,0,0,Medium,Database,Payment Gateway,1
8.2,0.141,0,0,High,Database,Core Banking,1
6.0,0.061,0,1,High,Database,Identity Provider,1
9.7,0.022,0,0,High,Database,Core Banking,1
6.0,0.076,0,1,Medium,Web Server,Payment Gateway,1
6.3,0.001,0,1,Low,Application Gateway,Internal Operations,0
8.7,0.035,0,0,Medium,Workstation,Internal Operations,0
8.9,0.014,0,0,Medium,Workstation,Identity Provider,0
9.5,0.152,1,1,High,Web Server,Core Banking,1
5.4,0.001,0,1,High,Workstation,Payment Gateway,1
7.2,0.035,0,0,Low,Database,Internal Operations,0
7.8,0.002,0,1,Critical,Application Gateway,Customer Portal,1
7.7,0.001,0,0,Low,Web Server,Internal Operations,0
5.5,0.023,0,0,Medium,Web Server,Core Banking,0
8.9,0.129,0,0,Medium,Web Server,Core Banking,1
5.7,0.02,0,0,Critical,Workstation,Internal Operations,0
8.4,0.05,0,0,Medium,Cloud Storage,Customer Portal,0
6.5,0.012,0,0,High,Web Server,Payment Gateway,1
8.6,0.043,0,0,Critical,API Service,Payment Gateway,1
5.0,0.004,0,0,High,Application Gateway,Core Banking,1
10.0,0.01,0,0,Low,Application Gateway,Payment Gateway,1
7.1,0.436,0,0,High,API Service,Core Banking,1
2.6,0.503,0,1,High,Database,Core Banking,1
10.0,0.057,0,1,Critical,Database,Identity Provider,1
8.5,0.001,0,1,Medium,Database,Core Banking,1
8.3,0.054,0,1,Medium,Web Server,Internal Operations,1
8.2,0.054,0,1,Medium,Application Gateway,Payment Gateway,1
8.3,0.007,0,0,High,Web Server,Customer Portal,1
9.7,0.239,1,0,High,Application Gateway,Payment Gateway,1
5.5,0.119,0,0,Medium,Application Gateway,Identity Provider,0
4.1,0.085,0,0,High,Database,Internal Operations,1
7.3,0.007,1,0,Low,Database,Identity Provider,1
6.6,0.099,0,0,Medium,Workstation,Customer Portal,0
5.2,0.013,0,0,High,Application Gateway,Core Banking,1
5.5,0.001,0,1,High,Application Gateway,Identity Provider,1
7.1,0.115,0,0,Medium,Web Server,Internal Operations,0
3.0,0.29,0,0,Critical,Web Server,Internal Operations,0
5.2,0.072,0,1,High,Application Gateway,Core Banking,1
7.3,0.062,0,0,Medium,Application Gateway,Internal Operations,0
4.3,0.413,0,0,High,Cloud Storage,Payment Gateway,1
7.9,0.01,0,1,Medium,API Service,Core Banking,1
7.7,0.052,0,0,Critical,Database,Payment Gateway,1
8.5,0.004,0,1,Medium,Web Server,Core Banking,1
7.9,0.007,0,1,Critical,Database,Identity Provider,1
6.2,0.174,0,0,Critical,Database,Internal Operations,1
7.2,0.001,0,0,Low,Web Server,Identity Provider,0
8.3,0.415,0,0,Medium,Workstation,Customer Portal,0
9.1,0.001,0,0,High,Application Gateway,Customer Portal,1
7.3,0.005,0,1,High,Workstation,Identity Provider,1
7.6,0.314,0,0,Medium,Application Gateway,Core Banking,1
6.0,0.046,0,0,High,Database,Identity Provider,1
6.6,0.021,0,0,Low,Application Gateway,Customer Portal,0
6.3,0.291,0,1,Low,Application Gateway,Customer Portal,1
8.2,0.328,0,0,Medium,Cloud Storage,Customer Portal,1
8.5,0.042,0,0,High,Web Server,Internal Operations,1
7.1,0.024,0,0,High,Application Gateway,Core Banking,1
5.7,0.009,0,0,Medium,Cloud Storage,Core Banking,1
8.0,0.431,1,1,Critical,Workstation,Identity Provider,1
4.7,0.012,0,0,High,API Service,Core Banking,1
8.1,0.442,0,0,Critical,Cloud Storage,Internal Operations,1
8.7,0.005,0,1,Critical,Database,Core Banking,1
8.1,0.091,0,0,Critical,Workstation,Core Banking,1
8.4,0.003,0,0,High,API Service,Internal Operations,0
5.1,0.12,0,0,Medium,Workstation,Core Banking,0
8.3,0.545,0,0,High,API Service,Customer Portal,1
8.2,0.013,0,1,High,Database,Core Banking,1
7.9,0.001,0,0,Critical,API Service,Core Banking,1
9.2,0.008,0,0,Medium,Database,Customer Portal,1
8.3,0.003,0,1,High,Database,Payment Gateway,1
7.9,0.373,0,1,Medium,Application Gateway,Internal Operations,1
6.0,0.001,0,1,Low,Cloud Storage,Identity Provider,0
5.5,0.227,0,1,Critical,Database,Payment Gateway,1
5.6,0.025,0,0,High,Web Server,Customer Portal,0
6.2,0.006,0,0,High,Database,Customer Portal,1
9.4,0.271,1,0,Low,Cloud Storage,Payment Gateway,1
5.2,0.033,0,0,Medium,Database,Core Banking,1
9.2,0.017,1,1,Low,API Service,Core Banking,1
6.7,0.001,0,0,High,Workstation,Customer Portal,0
6.3,0.075,0,0,Low,Database,Customer Portal,0
4.9,0.098,0,0,Critical,Database,Customer Portal,1
9.2,0.132,0,0,Critical,API Service,Identity Provider,1
4.0,0.421,1,0,Low,Cloud Storage,Identity Provider,1
3.7,0.015,0,0,Low,API Service,Customer Portal,0
5.8,0.001,0,1,Critical,Database,Identity Provider,1
6.8,0.301,0,0,Critical,Workstation,Core Banking,1
8.6,0.167,0,1,Critical,Database,Internal Operations,1
9.0,0.001,0,1,Critical,Web Server,Customer Portal,1
10.0,0.116,0,1,High,Workstation,Identity Provider,1
7.1,0.29,0,1,Low,Application Gateway,Customer Portal,1
10.0,0.021,0,1,Medium,API Service,Payment Gateway,1
6.6,0.502,0,1,Medium,Web Server,Customer Portal,1
7.7,0.032,0,0,Medium,Workstation,Core Banking,0
7.3,0.052,0,0,High,Application Gateway,Customer Portal,1
8.3,0.018,0,0,Medium,Database,Core Banking,1
9.3,0.388,0,1,Medium,Workstation,Identity Provider,1
4.7,0.023,0,0,High,Application Gateway,Customer Portal,0
6.0,0.004,0,0,Medium,Application Gateway,Customer Portal,1
6.1,0.001,0,1,High,Cloud Storage,Payment Gateway,1
5.8,0.206,0,0,Medium,Database,Internal Operations,0
7.4,0.384,0,0,Low,Cloud Storage,Identity Provider,1
8.8,0.36,0,1,High,Application Gateway,Identity Provider,1
5.5,0.018,0,0,Medium,Database,Core Banking,1
8.1,0.237,0,0,Critical,API Service,Customer Portal,1
6.2,0.586,0,1,Medium,API Service,Payment Gateway,1
5.1,0.05,1,1,High,Web Server,Customer Portal,1
6.4,0.046,0,1,Critical,Web Server,Payment Gateway,1
2.1,0.219,0,1,High,Workstation,Customer Portal,0
9.6,0.041,0,0,Medium,Database,Customer Portal,1
3.4,0.002,0,0,Critical,Database,Core Banking,1
9.1,0.032,1,1,Low,Application Gateway,Core Banking,1
9.6,0.025,0,0,Critical,Web Server,Internal Operations,1
3.9,0.002,0,1,Low,Database,Payment Gateway,1
8.8,0.013,1,1,Medium,Database,Identity Provider,1
8.0,0.279,0,1,High,Web Server,Payment Gateway,1
5.9,0.134,0,0,High,Application Gateway,Payment Gateway,1
8.8,0.468,1,1,Medium,Application Gateway,Payment Gateway,1
6.1,0.187,0,1,Medium,API Service,Identity Provider,1
5.6,0.025,0,1,Medium,Database,Core Banking,1
4.0,0.001,0,0,High,Workstation,Internal Operations,0
7.5,0.012,0,0,High,API Service,Customer Portal,1
7.5,0.273,0,1,Low,Application Gateway,Payment Gateway,1
3.6,0.004,0,1,High,Web Server,Identity Provider,1
5.0,0.047,0,0,High,Application Gateway,Payment Gateway,1
9.1,0.157,1,0,High,API Service,Identity Provider,1
6.5,0.001,0,1,Medium,Cloud Storage,Payment Gateway,1
5.1,0.475,0,0,Medium,Web Server,Core Banking,1
7.9,0.903,0,0,High,API Service,Identity Provider,1
9.6,0.495,1,0,Critical,Database,Internal Operations,1
8.0,0.024,0,0,Critical,Database,Core Banking,1
8.1,0.328,0,0,High,Workstation,Identity Provider,1
8.9,0.027,1,0,High,Application Gateway,Payment Gateway,1
6.7,0.241,0,1,Low,Database,Identity Provider,1
8.3,0.103,0,1,High,Database,Customer Portal,1
5.2,0.186,0,0,High,API Service,Payment Gateway,1
9.8,0.037,1,1,Low,Database,Core Banking,1
10.0,0.001,0,0,High,Cloud Storage,Payment Gateway,1
9.4,0.45,1,0,Medium,Application Gateway,Core Banking,1
6.4,0.103,0,0,Critical,Database,Payment Gateway,1
7.8,0.058,1,0,High,API Service,Customer Portal,1
6.4,0.185,1,1,Low,Database,Internal Operations,1
5.4,0.249,0,0,Medium,API Service,Payment Gateway,1
5.6,0.041,0,0,High,Application Gateway,Customer Portal,1
9.8,0.193,0,1,Medium,Application Gateway,Customer Portal,1
9.1,0.061,0,0,Low,Application Gateway,Internal Operations,0
5.9,0.142,0,1,High,Cloud Storage,Customer Portal,1
9.4,0.001,0,0,High,Web Server,Customer Portal,1
2.0,0.007,1,0,Low,API Service,Core Banking,0
8.2,0.028,0,1,Critical,Database,Core Banking,1
5.3,0.141,1,0,Medium,Web Server,Payment Gateway,1
10.0,0.102,1,0,Medium,Web Server,Core Banking,1
4.3,0.062,0,1,Medium,Cloud Storage,Payment Gateway,1
9.0,0.99,1,1,High,API Service,Customer Portal,1
4.2,0.198,0,0,High,API Service,Core Banking,1
4.8,0.044,0,0,Medium,Application Gateway,Customer Portal,0
7.8,0.141,0,0,High,Web Server,Payment Gateway,1
8.2,0.251,0,0,High,Web Server,Internal Operations,1
10.0,0.125,1,0,Critical,Cloud Storage,Internal Operations,1
6.5,0.096,1,0,Critical,Database,Payment Gateway,1
8.9,0.079,0,0,Low,Database,Core Banking,1
9.1,0.001,1,0,High,Database,Customer Portal,1
8.9,0.036,0,1,Low,Database,Payment Gateway,1
9.3,0.362,0,1,Critical,Application Gateway,Core Banking,1
5.4,0.001,0,0,Medium,Workstation,Core Banking,1
5.7,0.099,0,1,High,Web Server,Internal Operations,1
7.5,0.122,0,0,Medium,Workstation,Internal Operations,0
8.9,0.239,0,0,Medium,Workstation,Customer Portal,0
9.2,0.122,0,1,Critical,Database,Customer Portal,1
6.3,0.054,0,0,Low,Web Server,Internal Operations,0
4.1,0.001,0,0,Critical,Application Gateway,Internal Operations,0
8.5,0.433,1,0,Medium,Cloud Storage,Internal Operations,1
9.1,0.292,1,1,Low,Database,Payment Gateway,1
7.5,0.37,0,1,Low,Database,Payment Gateway,1
8.2,0.01,1,0,Low,Database,Customer Portal,1
9.1,0.166,1,0,High,Web Server,Customer Portal,1
5.9,0.018,0,1,Critical,Database,Payment Gateway,1
5.9,0.036,0,1,Critical,Database,Payment Gateway,1
8.4,0.387,0,0,High,API Service,Internal Operations,1
7.1,0.001,0,0,Medium,Workstation,Internal Operations,0
6.0,0.001,0,0,Critical,Database,Core Banking,1
5.2,0.093,0,0,Medium,Web Server,Internal Operations,0
9.0,0.012,1,0,High,Workstation,Customer Portal,1
6.9,0.159,1,1,High,Application Gateway,Identity Provider,1
4.0,0.001,0,0,Medium,Workstation,Core Banking,0
8.5,0.016,1,1,High,Database,Payment Gateway,1
7.9,0.034,0,0,Medium,API Service,Core Banking,1
9.1,0.309,1,0,Critical,Web Server,Core Banking,1
7.2,0.192,0,1,Medium,Web Server,Customer Portal,1
8.9,0.02,0,0,Critical,Workstation,Payment Gateway,1
5.7,0.156,0,0,Critical,Application Gateway,Internal Operations,1
5.3,0.089,0,1,Medium,Database,Payment Gateway,1
9.5,0.165,0,0,Low,Web Server,Payment Gateway,1
8.1,0.258,0,1,High,Workstation,Customer Portal,1
7.7,0.098,0,1,High,Database,Customer Portal,1
9.1,0.217,1,0,High,Workstation,Core Banking,1
8.1,0.083,0,1,High,Database,Identity Provider,1
4.3,0.318,0,0,Medium,Application Gateway,Customer Portal,0
2.9,0.49,0,1,Medium,API Service,Customer Portal,1
4.7,0.028,0,0,Critical,Application Gateway,Identity Provider,1
3.9,0.002,0,0,High,Web Server,Payment Gateway,0
9.6,0.136,0,1,Medium,Application Gateway,Customer Portal,1
6.7,0.063,0,1,High,Database,Internal Operations,1
8.2,0.012,0,0,Medium,Web Server,Payment Gateway,1
8.6,0.004,0,0,Critical,Web Server,Core Banking,1
6.9,0.001,0,1,Medium,Database,Internal Operations,1
8.9,0.128,0,0,Critical,Database,Core Banking,1
7.6,0.001,0,1,Medium,Database,Core Banking,1
7.3,0.075,0,1,High,Web Server,Internal Operations,1
3.8,0.482,0,0,High,Cloud Storage,Payment Gateway,1
9.5,0.114,1,1,Medium,Workstation,Payment Gateway,1
6.7,0.043,0,0,Critical,Application Gateway,Internal Operations,0
8.4,0.01,0,0,High,Application Gateway,Internal Operations,1
8.0,0.028,0,0,High,Cloud Storage,Core Banking,1
6.2,0.609,1,0,High,Web Server,Customer Portal,1
7.5,0.383,0,0,Low,Web Server,Identity Provider,1
9.6,0.016,1,0,Medium,API Service,Identity Provider,1
8.4,0.239,0,0,Critical,Database,Core Banking,1
5.8,0.046,0,0,Medium,Web Server,Payment Gateway,0
5.6,0.006,0,0,High,Cloud Storage,Core Banking,0
9.0,0.371,0,1,Low,API Service,Internal Operations,1
4.6,0.002,0,0,High,Application Gateway,Internal Operations,0
9.8,0.035,0,0,Medium,Application Gateway,Internal Operations,0
8.2,0.048,0,0,High,Database,Internal Operations,1
7.3,0.01,0,0,High,API Service,Customer Portal,1
4.3,0.307,0,0,High,Database,Core Banking,1
4.2,0.003,0,0,High,Application Gateway,Identity Provider,1
7.6,0.03,0,1,Medium,Cloud Storage,Identity Provider,1
7.2,0.027,0,0,High,Application Gateway,Customer Portal,1
6.6,0.069,1,1,Low,Application Gateway,Payment Gateway,1
8.5,0.257,0,0,High,Database,Internal Operations,1
8.5,0.055,0,0,Medium,Database,Core Banking,1
7.8,0.012,0,1,Low,Database,Core Banking,1
8.3,0.126,0,1,Medium,Cloud Storage,Customer Portal,1
5.2,0.247,0,0,Low,Workstation,Customer Portal,0
9.3,0.001,1,1,Medium,Web Server,Payment Gateway,1
9.4,0.047,0,1,High,Database,Identity Provider,1
5.6,0.009,0,0,Medium,Web Server,Core Banking,1
7.7,0.041,0,1,Critical,Database,Payment Gateway,1
7.2,0.03,0,0,High,Application Gateway,Core Banking,1
7.9,0.99,1,0,High,Cloud Storage,Identity Provider,1
8.4,0.024,0,1,Medium,Application Gateway,Internal Operations,1
7.2,0.282,0,1,High,Application Gateway,Identity Provider,1
5.5,0.013,0,0,High,Web Server,Internal Operations,0
6.2,0.001,0,0,High,Web Server,Payment Gateway,1
8.7,0.077,0,0,Low,Application Gateway,Payment Gateway,1
8.6,0.058,0,0,Critical,Application Gateway,Customer Portal,1
7.9,0.98,1,0,Critical,Database,Core Banking,1
8.7,0.639,1,1,High,API Service,Identity Provider,1
8.0,0.645,0,1,Low,Database,Customer Portal,1
8.3,0.036,0,1,Low,Database,Internal Operations,1
10.0,0.059,0,1,Medium,Web Server,Core Banking,1
9.7,0.003,0,0,Low,Workstation,Core Banking,0
7.3,0.156,0,0,High,Database,Customer Portal,1
9.2,0.003,1,1,Low,Application Gateway,Payment Gateway,1
9.2,0.047,0,0,Critical,Web Server,Customer Portal,1
7.6,0.179,1,1,Critical,API Service,Core Banking,1
4.0,0.228,1,0,Critical,Application Gateway,Core Banking,1
4.7,0.036,0,0,Medium,Database,Core Banking,1
7.5,0.073,0,0,Medium,Application Gateway,Payment Gateway,1
6.6,0.003,0,0,High,Application Gateway,Customer Portal,1
9.4,0.08,1,1,Low,Web Server,Core Banking,1
8.7,0.374,1,1,High,Database,Payment Gateway,1
4.7,0.183,0,0,Critical,Workstation,Core Banking,1
8.8,0.013,1,0,High,Web Server,Core Banking,1
4.5,0.493,0,1,Medium,Web Server,Core Banking,1
8.1,0.636,1,0,Medium,Database,Payment Gateway,1
9.4,0.947,0,0,High,Web Server,Customer Portal,1
5.9,0.001,0,0,Medium,Application Gateway,Customer Portal,0
6.3,0.001,0,1,High,Workstation,Customer Portal,0
8.5,0.634,1,0,Medium,Cloud Storage,Identity Provider,1
7.1,0.295,1,0,Low,Application Gateway,Core Banking,1
5.3,0.25,0,0,Critical,Application Gateway,Customer Portal,1
9.0,0.355,0,1,Low,Application Gateway,Identity Provider,1
5.3,0.051,0,0,Medium,API Service,Core Banking,0
6.7,0.02,0,1,High,API Service,Identity Provider,1
8.2,0.934,1,0,Low,Workstation,Core Banking,1
9.0,0.58,1,0,High,API Service,Core Banking,1
7.6,0.002,0,0,High,Database,Identity Provider,1
8.5,0.003,0,0,Critical,Web Server,Payment Gateway,1
8.3,0.005,0,1,High,API Service,Core Banking,1
8.7,0.001,0,1,Medium,Web Server,Payment Gateway,1
7.5,0.14,0,0,Medium,Web Server,Core Banking,1
8.4,0.202,0,1,Low,Web Server,Payment Gateway,1
4.8,0.271,0,0,High,Web Server,Customer Portal,1
6.2,0.007,0,1,Critical,Web Server,Identity Provider,1
7.5,0.791,0,0,Critical,Web Server,Identity Provider,1
5.0,0.122,0,0,High,API Service,Core Banking,1
9.7,0.001,1,1,Low,Web Server,Internal Operations,1
7.3,0.016,0,1,Medium,Web Server,Customer Portal,1
9.1,0.267,0,0,High,API Service,Core Banking,1
4.7,0.035,0,0,Low,Database,Identity Provider,0
4.0,0.06,0,0,Medium,Database,Identity Provider,0
5.5,0.009,0,0,Critical,Application Gateway,Identity Provider,1
4.6,0.402,1,0,Medium,Web Server,Payment Gateway,1
7.8,0.114,0,1,High,Web Server,Core Banking,1
7.9,0.019,0,0,Critical,Cloud Storage,Internal Operations,1
7.7,0.146,0,1,High,Database,Customer Portal,1
6.5,0.024,0,1,High,Database,Customer Portal,1
8.4,0.002,0,0,High,Database,Customer Portal,1
7.9,0.01,0,1,High,Application Gateway,Identity Provider,1
9.1,0.017,1,1,Critical,API Service,Core Banking,1
9.8,0.073,1,1,Medium,Database,Customer Portal,1
7.5,0.196,0,0,Low,Web Server,Payment Gateway,0
6.0,0.144,0,0,Medium,API Service,Customer Portal,1
4.7,0.003,0,0,High,Web Server,Identity Provider,1
8.9,0.484,1,0,High,Workstation,Payment Gateway,1
6.2,0.419,0,0,High,Database,Customer Portal,1
5.6,0.595,0,1,Critical,Database,Core Banking,1
6.1,0.366,0,0,Medium,Workstation,Payment Gateway,1
4.4,0.434,0,1,Medium,Workstation,Core Banking,1
9.3,0.024,0,1,Medium,Application Gateway,Payment Gateway,1
9.3,0.007,0,1,Medium,Application Gateway,Core Banking,1
7.8,0.362,0,0,High,Application Gateway,Core Banking,1
4.4,0.384,0,1,High,Database,Identity Provider,1
9.1,0.011,0,1,Medium,Cloud Storage,Identity Provider,1
8.3,0.974,1,1,High,Web Server,Customer Portal,1
6.8,0.013,0,1,High,Database,Payment Gateway,1
6.2,0.002,0,0,High,Workstation,Internal Operations,0
4.2,0.18,0,0,High,Web Server,Customer Portal,0
7.3,0.001,0,0,Critical,Database,Payment Gateway,1
8.8,0.748,1,1,Medium,Cloud Storage,Identity Provider,1
5.7,0.102,0,1,Low,Workstation,Payment Gateway,1
8.3,0.053,0,0,High,Workstation,Customer Portal,0
9.8,0.073,0,1,Critical,Web Server,Core Banking,1
7.3,0.187,1,0,Medium,API Service,Core Banking,1
9.1,0.003,0,1,High,Application Gateway,Internal Operations,1
8.0,0.386,0,0,High,Web Server,Core Banking,1
5.3,0.712,1,1,Critical,Cloud Storage,Payment Gateway,1
6.3,0.045,0,0,High,Database,Internal Operations,1
7.8,0.094,0,0,Medium,API Service,Internal Operations,0
4.6,0.156,0,0,Medium,Web Server,Customer Portal,0
9.3,0.009,1,1,High,Application Gateway,Core Banking,1
8.2,0.058,0,0,High,API Service,Payment Gateway,1
8.5,0.065,0,0,Critical,Application Gateway,Identity Provider,1
4.2,0.182,0,1,Critical,Web Server,Payment Gateway,1
6.8,0.944,1,1,Low,Application Gateway,Payment Gateway,1
8.5,0.607,1,0,Medium,Cloud Storage,Customer Portal,1
7.9,0.021,0,1,High,Database,Payment Gateway,1
8.1,0.643,1,0,Medium,Database,Payment Gateway,1
6.5,0.012,0,1,Medium,Application Gateway,Core Banking,1
7.4,0.085,0,0,Medium,Cloud Storage,Payment Gateway,1
9.2,0.817,1,1,Critical,API Service,Payment Gateway,1
6.6,0.015,0,0,Critical,API Service,Payment Gateway,1
5.2,0.33,0,1,Medium,Web Server,Payment Gateway,1
5.8,0.138,0,1,High,Web Server,Identity Provider,1
5.9,0.262,0,1,Low,Application Gateway,Identity Provider,1
4.7,0.041,0,0,Medium,Web Server,Core Banking,0
9.4,0.663,1,1,Low,Database,Customer Portal,1
5.3,0.172,0,0,High,Cloud Storage,Payment Gateway,0
4.6,0.14,0,1,Low,API Service,Payment Gateway,1
7.5,0.245,0,1,High,Database,Core Banking,1
4.4,0.237,1,0,Low,Application Gateway,Customer Portal,0
10.0,0.787,1,0,Critical,API Service,Identity Provider,1
5.5,0.237,0,0,High,Application Gateway,Customer Portal,1
6.8,0.001,0,0,Medium,Application Gateway,Core Banking,1
7.3,0.001,0,0,High,Database,Payment Gateway,1
8.9,0.003,1,0,High,Web Server,Identity Provider,1
9.0,0.391,0,0,Low,API Service,Core Banking,1
9.0,0.082,1,1,High,Database,Identity Provider,1
8.3,0.422,0,0,Medium,Application Gateway,Customer Portal,1
5.5,0.489,1,0,Critical,Web Server,Identity Provider,1
3.9,0.014,0,0,Medium,API Service,Internal Operations,0
8.6,0.083,0,1,Medium,Database,Internal Operations,1
6.5,0.003,0,1,High,Database,Customer Portal,1
8.3,0.536,1,0,Critical,Cloud Storage,Customer Portal,1
5.3,0.004,0,1,Medium,Cloud Storage,Core Banking,1
5.6,0.188,0,0,Critical,Cloud Storage,Internal Operations,0
10.0,0.012,0,1,Critical,Workstation,Core Banking,1
5.4,0.006,0,0,Medium,Application Gateway,Payment Gateway,0
8.2,0.006,0,1,Critical,Database,Core Banking,1
9.3,0.002,0,0,Critical,Database,Payment Gateway,1
3.1,0.043,0,1,Medium,Database,Customer Portal,0
8.9,0.083,0,0,Critical,Cloud Storage,Customer Portal,1
9.0,0.036,0,0,High,API Service,Core Banking,1
4.0,0.081,1,1,Critical,API Service,Payment Gateway,1
7.5,0.021,1,0,Medium,Application Gateway,Internal Operations,1
8.9,0.006,1,1,Medium,Cloud Storage,Identity Provider,1
7.7,0.148,0,1,Medium,Workstation,Identity Provider,1
5.2,0.1,0,0,High,Application Gateway,Core Banking,1
7.7,0.047,0,1,Critical,Workstation,Identity Provider,1
5.7,0.717,1,1,Critical,Database,Core Banking,1
5.1,0.022,0,1,High,Application Gateway,Payment Gateway,1
9.4,0.011,0,1,Low,API Service,Payment Gateway,1
5.1,0.008,0,0,High,API Service,Core Banking,1
5.0,0.079,0,1,High,Application Gateway,Payment Gateway,1
8.5,0.132,0,0,Critical,Database,Internal Operations,1
7.9,0.662,0,0,Medium,Cloud Storage,Payment Gateway,1
7.4,0.002,0,1,Medium,API Service,Core Banking,1
8.3,0.002,0,1,Medium,API Service,Core Banking,1
6.9,0.024,0,0,Low,Database,Core Banking,1
6.6,0.025,0,1,High,Application Gateway,Customer Portal,1
3.7,0.819,1,1,Critical,Database,Payment Gateway,1
7.3,0.215,0,1,High,Database,Identity Provider,1
8.0,0.001,0,0,Medium,Database,Core Banking,1
9.4,0.281,0,0,Medium,Application Gateway,Customer Portal,1
10.0,0.022,0,1,High,Web Server,Identity Provider,1
4.1,0.015,0,1,Medium,Database,Internal Operations,0
6.8,0.001,0,0,Medium,Workstation,Identity Provider,0
6.1,0.002,0,0,Low,Application Gateway,Customer Portal,0
8.9,0.005,0,0,Medium,Web Server,Core Banking,1
4.8,0.002,0,0,Medium,Application Gateway,Customer Portal,0
9.0,0.548,1,0,High,Web Server,Identity Provider,1
4.8,0.24,0,0,Medium,Application Gateway,Internal Operations,0
6.0,0.148,0,1,Low,Cloud Storage,Payment Gateway,1
3.7,0.02,0,1,High,API Service,Core Banking,1
9.3,0.045,1,0,Medium,Web Server,Identity Provider,1
7.6,0.037,0,1,Medium,Application Gateway,Core Banking,1
6.2,0.32,0,0,Critical,Web Server,Core Banking,1
5.6,0.098,0,1,Medium,API Service,Core Banking,1
8.7,0.027,0,0,Critical,Application Gateway,Customer Portal,1
6.9,0.225,0,0,Low,Web Server,Internal Operations,0
8.1,0.097,0,1,Medium,Workstation,Core Banking,1
7.6,0.187,0,0,Critical,API Service,Payment Gateway,1
4.4,0.034,0,0,Critical,Workstation,Payment Gateway,0
5.0,0.569,1,0,Medium,Workstation,Payment Gateway,1
8.3,0.003,0,0,High,Cloud Storage,Customer Portal,1
5.3,0.001,0,0,Critical,Database,Customer Portal,1
7.6,0.046,0,0,High,Web Server,Payment Gateway,1
8.2,0.325,0,1,High,API Service,Customer Portal,1
8.5,0.405,1,1,Critical,API Service,Identity Provider,1
10.0,0.137,0,0,Medium,Cloud Storage,Core Banking,1
7.5,0.52,1,0,Low,Application Gateway,Core Banking,1
4.7,0.031,0,0,Medium,Database,Internal Operations,0
6.7,0.454,1,0,Medium,Database,Core Banking,1
8.8,0.043,0,1,High,Database,Identity Provider,1
10.0,0.212,0,0,High,Database,Core Banking,1
6.3,0.204,0,1,High,API Service,Identity Provider,1
8.9,0.129,0,0,Medium,Application Gateway,Identity Provider,1
8.1,0.52,1,0,Low,API Service,Customer Portal,1
9.6,0.735,1,1,Medium,API Service,Internal Operations,1
6.4,0.005,0,1,Low,Database,Internal Operations,1
7.9,0.001,0,1,Medium,Database,Customer Portal,1
7.1,0.048,1,0,High,Web Server,Payment Gateway,1
7.4,0.04,0,0,High,API Service,Core Banking,1
5.5,0.516,1,0,Critical,Workstation,Identity Provider,1
8.4,0.011,0,1,Critical,Workstation,Customer Portal,1
9.6,0.1,0,0,Medium,Cloud Storage,Payment Gateway,1
8.1,0.123,0,0,High,Web Server,Payment Gateway,1
8.5,0.075,1,1,Medium,Cloud Storage,Customer Portal,1
5.7,0.126,0,0,Medium,Workstation,Core Banking,0
5.1,0.353,0,1,High,Workstation,Core Banking,1
6.5,0.373,0,0,High,Application Gateway,Identity Provider,1
3.9,0.301,0,0,High,Cloud Storage,Customer Portal,0
8.7,0.001,1,0,High,Web Server,Payment Gateway,1
6.9,0.289,0,0,Medium,API Service,Payment Gateway,1
8.1,0.001,0,0,High,Application Gateway,Payment Gateway,1
4.2,0.01,0,1,Medium,Database,Core Banking,1
9.1,0.054,1,0,Low,Database,Customer Portal,1
7.9,0.447,1,0,Low,Database,Customer Portal,1
7.4,0.018,0,1,Low,Application Gateway,Payment Gateway,1
6.7,0.032,0,1,High,Workstation,Payment Gateway,1
8.3,0.008,0,1,Critical,Application Gateway,Payment Gateway,1
8.0,0.132,0,1,High,Database,Internal Operations,1
6.5,0.001,0,1,High,Application Gateway,Core Banking,1
9.3,0.367,0,1,Low,Web Server,Internal Operations,1
9.6,0.265,0,1,Medium,Database,Identity Provider,1
9.1,0.082,0,0,Critical,Database,Customer Portal,1
7.5,0.002,0,1,Critical,Web Server,Identity Provider,1
8.3,0.509,1,0,Critical,API Service,Payment Gateway,1
8.5,0.018,1,0,Medium,Application Gateway,Customer Portal,1
4.7,0.001,0,0,Medium,Application Gateway,Core Banking,1
6.6,0.04,0,1,Low,Database,Identity Provider,1
7.8,0.496,0,0,Low,Cloud Storage,Payment Gateway,1
8.6,0.793,1,0,High,Database,Identity Provider,1
8.9,0.17,1,0,High,Web Server,Payment Gateway,1
9.8,0.176,0,1,High,Database,Internal Operations,1
6.1,0.287,0,1,High,Web Server,Core Banking,1
6.8,0.004,0,0,Low,Application Gateway,Customer Portal,0
8.6,0.019,1,1,Medium,Application Gateway,Core Banking,1
4.5,0.26,0,0,Medium,Web Server,Core Banking,1
8.9,0.398,0,1,High,Database,Customer Portal,1
3.1,0.009,0,0,Critical,Application Gateway,Internal Operations,0
9.8,0.025,0,0,Critical,API Service,Payment Gateway,1
9.1,0.339,0,0,High,Cloud Storage,Internal Operations,1
8.1,0.155,0,0,Medium,Database,Customer Portal,1
8.1,0.615,1,0,High,Web Server,Identity Provider,1
5.9,0.014,0,0,Medium,Cloud Storage,Core Banking,0
8.9,0.085,1,0,Medium,Workstation,Core Banking,1
8.7,0.419,1,0,High,Web Server,Internal Operations,1
4.8,0.03,0,0,Medium,API Service,Core Banking,0
10.0,0.005,0,1,High,Application Gateway,Customer Portal,1
9.5,0.028,1,0,Medium,Web Server,Payment Gateway,1
8.7,0.001,0,1,Medium,Database,Payment Gateway,1
9.3,0.035,1,0,Low,Application Gateway,Customer Portal,1
7.6,0.638,1,0,High,Database,Identity Provider,1
6.4,0.041,0,0,High,Application Gateway,Customer Portal,1
10.0,0.054,1,0,Critical,API Service,Payment Gateway,1
8.3,0.582,0,1,High,Web Server,Core Banking,1
5.7,0.002,0,1,Medium,Web Server,Core Banking,1
3.9,0.073,1,0,Low,Application Gateway,Core Banking,1
6.0,0.003,0,1,High,Application Gateway,Internal Operations,1
7.8,0.261,0,0,Critical,Web Server,Identity Provider,1
8.2,0.003,1,1,High,Cloud Storage,Payment Gateway,1
6.2,0.368,0,1,High,Application Gateway,Internal Operations,1
8.5,0.14,0,0,High,Database,Core Banking,1
5.5,0.128,1,1,High,Workstation,Identity Provider,1
7.7,0.059,0,0,Medium,Application Gateway,Payment Gateway,1
9.9,0.014,0,1,Critical,Workstation,Customer Portal,1
9.0,0.001,0,0,High,Web Server,Payment Gateway,1
9.4,0.442,1,0,Medium,Database,Core Banking,1
6.2,0.282,0,1,High,Database,Payment Gateway,1
3.4,0.276,0,1,Medium,Database,Payment Gateway,1
6.4,0.023,0,0,Medium,Database,Payment Gateway,1
9.3,0.076,0,1,Medium,Workstation,Payment Gateway,1
8.7,0.04,0,0,High,API Service,Payment Gateway,1
9.0,0.238,1,1,High,API Service,Customer Portal,1
7.4,0.087,0,1,Medium,API Service,Payment Gateway,1
7.7,0.084,0,0,Medium,Database,Customer Portal,1
9.0,0.941,1,1,High,Web Server,Payment Gateway,1
7.6,0.003,0,0,Critical,Web Server,Internal Operations,1
8.9,0.099,0,1,Critical,API Service,Internal Operations,1
6.2,0.026,0,1,Critical,Database,Payment Gateway,1
9.3,0.424,0,0,Medium,Web Server,Customer Portal,1
6.0,0.426,1,0,Critical,Workstation,Payment Gateway,1
9.0,0.243,0,0,High,Database,Internal Operations,1
9.1,0.484,1,1,Medium,Application Gateway,Customer Portal,1
6.9,0.002,0,0,High,Web Server,Payment Gateway,1
9.0,0.002,0,0,Medium,Database,Core Banking,1
8.7,0.145,0,1,Medium,API Service,Payment Gateway,1
5.5,0.036,0,0,High,Cloud Storage,Core Banking,1
4.6,0.007,0,0,Medium,Web Server,Customer Portal,0
6.7,0.001,0,1,Medium,Web Server,Core Banking,1
8.8,0.044,0,0,High,API Service,Core Banking,1
7.1,0.07,0,0,High,Application Gateway,Payment Gateway,1
8.6,0.041,1,1,High,Database,Payment Gateway,1
8.3,0.839,1,1,Low,Cloud Storage,Payment Gateway,1
9.1,0.844,1,1,Medium,API Service,Identity Provider,1
8.2,0.023,0,1,Critical,Application Gateway,Payment Gateway,1
8.2,0.262,0,0,Medium,Database,Customer Portal,1
5.0,0.345,0,0,High,API Service,Core Banking,1
5.8,0.402,1,0,Medium,API Service,Payment Gateway,1
6.6,0.015,1,1,Medium,Workstation,Customer Portal,1
8.9,0.002,1,1,High,Database,Core Banking,1
7.1,0.535,0,0,Medium,Cloud Storage,Core Banking,1
9.2,0.098,0,0,Medium,Web Server,Customer Portal,1
7.0,0.488,0,0,Medium,API Service,Core Banking,1
4.8,0.048,0,1,Critical,Web Server,Core Banking,1
8.6,0.022,0,1,Medium,Application Gateway,Customer Portal,1
4.8,0.037,1,1,Low,Cloud Storage,Customer Portal,1
8.4,0.99,0,0,Critical,Application Gateway,Payment Gateway,1
7.4,0.007,0,1,High,Database,Core Banking,1
7.9,0.001,0,0,High,Workstation,Payment Gateway,1
9.5,0.037,1,0,Medium,Web Server,Payment Gateway,1
7.0,0.794,0,1,Medium,Workstation,Customer Portal,1
9.1,0.008,1,0,Critical,Web Server,Internal Operations,1
9.7,0.209,0,0,Low,Database,Internal Operations,1
6.4,0.004,0,0,Critical,Cloud Storage,Payment Gateway,1
9.5,0.401,1,1,Medium,Application Gateway,Core Banking,1
10.0,0.99,0,1,High,Workstation,Customer Portal,1
9.4,0.003,1,1,High,Database,Payment Gateway,1
5.3,0.043,0,1,Critical,Workstation,Identity Provider,1
9.4,0.064,1,0,Critical,Application Gateway,Identity Provider,1
8.6,0.293,0,0,Medium,Web Server,Internal Operations,0
6.6,0.012,0,1,Medium,Workstation,Payment Gateway,1
8.2,0.007,0,0,Critical,Web Server,Payment Gateway,1
9.9,0.163,0,0,Critical,API Service,Identity Provider,1
7.8,0.001,0,1,Critical,Workstation,Customer Portal,1
5.3,0.025,0,1,Medium,API Service,Internal Operations,0
8.9,0.001,0,0,Medium,Cloud Storage,Payment Gateway,1
3.3,0.361,0,0,Critical,Database,Customer Portal,1
5.4,0.041,0,0,Medium,Application Gateway,Customer Portal,0
5.4,0.127,0,1,Critical,Application Gateway,Payment Gateway,1
7.3,0.001,0,1,Low,Database,Customer Portal,1
6.3,0.11,1,1,Low,Application Gateway,Customer Portal,1
4.3,0.48,1,0,Medium,Web Server,Payment Gateway,1
8.6,0.99,1,0,Low,Application Gateway,Core Banking,1
7.0,0.046,0,1,Medium,Application Gateway,Customer Portal,1
6.2,0.009,0,0,Medium,Application Gateway,Core Banking,1
7.5,0.128,0,0,Medium,Workstation,Internal Operations,0
9.8,0.016,0,0,High,Web Server,Core Banking,1
10.0,0.06,0,0,High,Database,Core Banking,1
6.8,0.012,0,1,High,Workstation,Internal Operations,0
7.8,0.475,1,0,Medium,Application Gateway,Internal Operations,1
7.4,0.001,0,1,Critical,Cloud Storage,Payment Gateway,1
4.9,0.026,0,1,High,Web Server,Identity Provider,1
4.2,0.008,0,0,High,Application Gateway,Payment Gateway,1
5.7,0.011,0,0,High,API Service,Payment Gateway,1
3.4,0.006,0,0,Medium,API Service,Core Banking,0
5.9,0.391,0,0,Low,Database,Core Banking,1
7.7,0.343,0,0,Medium,Workstation,Identity Provider,1
4.9,0.025,0,0,Medium,Application Gateway,Identity Provider,1
3.6,0.073,0,1,Medium,Database,Internal Operations,0
8.2,0.62,1,0,High,Application Gateway,Identity Provider,1
8.8,0.731,1,0,Critical,Database,Core Banking,1
4.1,0.235,0,0,Low,Database,Customer Portal,0
9.3,0.373,0,0,High,Cloud Storage,Internal Operations,1
8.9,0.241,0,0,Critical,Application Gateway,Identity Provider,1
7.6,0.001,0,0,Medium,Database,Identity Provider,1
8.5,0.103,0,0,Critical,Web Server,Internal Operations,1
9.0,0.041,0,0,High,Workstation,Payment Gateway,1
4.8,0.114,0,1,Critical,Cloud Storage,Identity Provider,1
6.1,0.027,0,0,Critical,API Service,Internal Operations,1
8.7,0.001,1,0,Critical,Cloud Storage,Internal Operations,1
7.5,0.039,0,0,Critical,API Service,Payment Gateway,1
6.4,0.01,0,0,Medium,Cloud Storage,Customer Portal,0
7.0,0.018,0,0,Medium,API Service,Customer Portal,1
5.4,0.301,0,0,High,Application Gateway,Payment Gateway,1
9.9,0.083,0,0,Low,Database,Customer Portal,1
8.1,0.001,0,1,High,Web Server,Core Banking,1
4.5,0.053,0,0,High,Database,Core Banking,1
8.4,0.857,0,1,Critical,Database,Core Banking,1
8.1,0.087,0,1,Medium,Web Server,Customer Portal,1
6.6,0.001,0,0,High,Cloud Storage,Core Banking,1
4.5,0.207,0,0,Medium,Application Gateway,Core Banking,1
7.5,0.013,1,0,Medium,API Service,Core Banking,1
9.1,0.221,0,1,High,API Service,Payment Gateway,1
9.1,0.137,0,1,Medium,Cloud Storage,Payment Gateway,1
7.8,0.134,0,0,Low,Cloud Storage,Payment Gateway,0
2.6,0.001,0,1,High,API Service,Customer Portal,1
6.6,0.009,0,0,High,Web Server,Identity Provider,1
8.7,0.311,0,1,Medium,Database,Payment Gateway,1
5.2,0.013,0,0,Medium,Web Server,Payment Gateway,0
5.6,0.48,1,1,Critical,API Service,Identity Provider,1
6.1,0.031,0,1,High,Workstation,Core Banking,1
3.6,0.069,0,0,High,API Service,Internal Operations,0
4.9,0.221,0,1,High,Application Gateway,Identity Provider,1
6.5,0.61,1,0,Critical,Web Server,Core Banking,1
4.0,0.582,1,0,Low,Database,Core Banking,1
5.9,0.527,0,0,Medium,Application Gateway,Customer Portal,1
7.1,0.014,0,0,High,Database,Payment Gateway,1
8.1,0.488,0,1,Medium,Application Gateway,Payment Gateway,1
8.2,0.005,0,1,Low,Workstation,Payment Gateway,1
8.3,0.096,0,0,Critical,Database,Identity Provider,1
8.3,0.293,0,0,High,Database,Customer Portal,1
4.6,0.192,0,0,High,Cloud Storage,Payment Gateway,1
8.9,0.017,1,0,Medium,Database,Customer Portal,1
9.3,0.324,1,1,Critical,Application Gateway,Core Banking,1
7.9,0.017,0,1,Low,Database,Customer Portal,1
4.3,0.001,0,0,High,Application Gateway,Payment Gateway,1
5.6,0.021,0,0,High,Application Gateway,Customer Portal,1
6.0,0.083,0,0,High,Application Gateway,Internal Operations,0
6.3,0.078,0,0,Critical,Web Server,Payment Gateway,1
7.8,0.208,0,1,Medium,Application Gateway,Core Banking,1
7.3,0.003,0,1,Low,Database,Payment Gateway,1
4.5,0.062,0,0,High,Workstation,Payment Gateway,0
8.7,0.003,0,0,Low,Database,Core Banking,1
9.0,0.195,0,0,Medium,Cloud Storage,Identity Provider,1
2.0,0.001,0,1,High,Web Server,Internal Operations,0
6.0,0.001,0,1,Medium,Database,Payment Gateway,1
6.6,0.021,0,0,High,API Service,Customer Portal,1
2.7,0.107,0,1,Medium,Application Gateway,Customer Portal,0
4.3,0.001,0,0,Critical,Application Gateway,Customer Portal,1
6.2,0.479,1,0,Medium,API Service,Core Banking,1
8.0,0.037,0,0,Critical,Web Server,Payment Gateway,1
5.5,0.014,0,1,Medium,API Service,Core Banking,1
8.8,0.384,1,0,Medium,Cloud Storage,Core Banking,1
5.3,0.925,1,1,High,Database,Identity Provider,1
10.0,0.082,0,1,High,Web Server,Identity Provider,1
4.7,0.466,0,1,High,Web Server,Payment Gateway,1
7.6,0.713,1,1,Medium,Cloud Storage,Payment Gateway,1
4.9,0.463,0,0,High,Workstation,Internal Operations,0
4.4,0.016,0,1,Medium,Cloud Storage,Customer Portal,0
8.4,0.001,0,1,High,Database,Internal Operations,1
7.8,0.338,0,0,Critical,API Service,Payment Gateway,1
9.3,0.001,0,1,Critical,Database,Customer Portal,1
5.2,0.043,0,0,Critical,Database,Customer Portal,1
5.1,0.103,0,1,Medium,Cloud Storage,Internal Operations,0
7.9,0.042,0,1,Low,Application Gateway,Payment Gateway,1
10.0,0.206,0,0,High,Cloud Storage,Payment Gateway,1
8.2,0.199,0,1,High,Application Gateway,Core Banking,1
10.0,0.365,1,0,Critical,Workstation,Internal Operations,1
9.3,0.396,0,1,Medium,Database,Internal Operations,1
8.9,0.052,0,1,Critical,Database,Internal Operations,1
4.6,0.03,0,1,Medium,Database,Internal Operations,0
5.0,0.499,0,1,Low,Web Server,Payment Gateway,1
6.9,0.03,0,1,Critical,Database,Payment Gateway,1
8.2,0.179,0,0,Medium,API Service,Payment Gateway,1
3.8,0.165,0,0,Critical,Application Gateway,Core Banking,1
6.6,0.045,0,1,High,Application Gateway,Identity Provider,1
7.2,0.641,0,1,Critical,Application Gateway,Internal Operations,1
7.7,0.009,0,0,High,Database,Payment Gateway,1
10.0,0.99,1,0,Critical,Workstation,Customer Portal,1
5.0,0.362,0,0,High,Workstation,Internal Operations,0
8.4,0.397,0,0,High,Database,Core Banking,1
9.4,0.06,0,1,High,Web Server,Payment Gateway,1
6.5,0.509,1,1,Medium,API Service,Core Banking,1
6.1,0.095,0,0,Low,Database,Core Banking,0
4.5,0.024,0,0,High,Database,Customer Portal,1
4.7,0.034,0,0,Critical,Web Server,Core Banking,1
8.3,0.367,0,1,High,Application Gateway,Payment Gateway,1
5.1,0.489,0,0,Low,Application Gateway,Internal Operations,0
8.2,0.491,0,0,Medium,Application Gateway,Customer Portal,1
4.4,0.63,0,0,High,Web Server,Core Banking,1
10.0,0.001,0,0,Critical,Application Gateway,Internal Operations,1
10.0,0.015,1,1,High,Application Gateway,Payment Gateway,1
8.4,0.022,0,1,High,Database,Payment Gateway,1
8.8,0.139,0,1,Low,Application Gateway,Identity Provider,1
7.2,0.132,0,1,Low,Application Gateway,Core Banking,1
5.4,0.422,1,1,Critical,Cloud Storage,Identity Provider,1
7.4,0.042,0,0,High,Application Gateway,Core Banking,1
8.7,0.001,0,1,High,API Service,Payment Gateway,1
7.5,0.453,0,0,High,Database,Customer Portal,1
5.3,0.044,0,1,Low,API Service,Payment Gateway,1
7.7,0.005,0,1,High,Web Server,Identity Provider,1
8.0,0.252,0,0,High,Database,Customer Portal,1
8.6,0.294,0,0,High,Workstation,Internal Operations,0
6.2,0.039,0,0,Medium,Web Server,Identity Provider,1
9.3,0.936,1,0,Medium,Workstation,Payment Gateway,1
7.5,0.001,1,1,High,Database,Identity Provider,1
8.7,0.129,0,1,High,Cloud Storage,Customer Portal,1
5.9,0.292,0,0,High,API Service,Customer Portal,1
8.0,0.007,0,0,Low,Cloud Storage,Identity Provider,1
5.7,0.329,0,0,High,Web Server,Customer Portal,1
7.1,0.017,0,0,High,Web Server,Core Banking,1
4.3,0.01,0,0,High,API Service,Customer Portal,0
8.7,0.01,0,1,Medium,Workstation,Core Banking,1
8.0,0.149,0,0,High,Cloud Storage,Payment Gateway,1
8.9,0.002,0,0,Critical,Database,Customer Portal,1
3.0,0.05,0,0,Medium,API Service,Payment Gateway,0
9.1,0.132,0,1,Medium,Database,Payment Gateway,1
7.1,0.001,0,1,Medium,Web Server,Payment Gateway,1
8.2,0.061,0,1,Low,Application Gateway,Customer Portal,1
4.3,0.016,0,1,High,Database,Core Banking,1
4.9,0.001,0,0,Critical,Cloud Storage,Identity Provider,1
9.0,0.142,0,1,Low,Application Gateway,Core Banking,1
6.2,0.001,0,1,High,Web Server,Core Banking,1
7.9,0.011,0,1,Medium,Web Server,Core Banking,1
8.9,0.443,1,0,Medium,Application Gateway,Customer Portal,1
5.0,0.037,0,0,High,Database,Core Banking,1
8.0,0.295,0,1,High,Web Server,Internal Operations,1
7.4,0.151,0,1,Medium,Application Gateway,Internal Operations,1
7.7,0.024,0,1,Medium,Workstation,Identity Provider,1
7.7,0.581,0,0,Medium,Cloud Storage,Internal Operations,0
7.9,0.129,0,1,High,Database,Core Banking,1
6.7,0.001,1,0,Critical,Application Gateway,Customer Portal,1
8.3,0.142,0,0,Critical,Web Server,Identity Provider,1
6.5,0.508,1,1,High,API Service,Customer Portal,1
5.5,0.106,0,0,High,Database,Internal Operations,1
4.4,0.162,0,1,Low,Application Gateway,Identity Provider,0
8.9,0.001,1,0,Medium,Web Server,Internal Operations,1
6.0,0.015,0,1,Medium,Cloud Storage,Core Banking,1
8.1,0.093,1,0,High,Database,Identity Provider,1
8.0,0.478,1,0,Critical,Database,Customer Portal,1
9.7,0.008,1,0,Low,Cloud Storage,Customer Portal,1
5.8,0.359,0,1,High,API Service,Core Banking,1
5.2,0.521,1,1,Critical,API Service,Identity Provider,1
6.2,0.156,0,0,High,Web Server,Internal Operations,0
6.6,0.016,0,0,Low,Cloud Storage,Payment Gateway,0
6.5,0.236,0,0,Low,API Service,Customer Portal,0
8.7,0.044,1,1,Critical,Workstation,Core Banking,1
9.0,0.001,1,1,Low,API Service,Internal Operations,1
10.0,0.63,1,0,High,API Service,Core Banking,1
4.3,0.122,0,1,Critical,Database,Payment Gateway,1
10.0,0.135,1,1,Medium,Database,Core Banking,1
6.1,0.005,0,1,Low,API Service,Customer Portal,1
8.8,0.002,0,0,Medium,Database,Payment Gateway,1
5.9,0.001,0,0,Medium,Web Server,Customer Portal,0
6.1,0.001,0,0,Medium,Database,Internal Operations,0
8.0,0.99,0,1,Medium,Workstation,Internal Operations,1
6.8,0.014,0,0,Low,Application Gateway,Payment Gateway,1
6.0,0.426,1,0,Medium,Workstation,Internal Operations,1
9.2,0.01,0,1,Low,Web Server,Customer Portal,1
8.1,0.108,0,0,Low,Application Gateway,Payment Gateway,1
7.5,0.235,0,1,Critical,Web Server,Payment Gateway,1
8.1,0.033,0,1,Medium,Database,Payment Gateway,1
9.6,0.259,0,1,High,Database,Identity Provider,1
6.8,0.048,0,1,High,Database,Payment Gateway,1
5.4,0.058,0,0,Medium,Application Gateway,Payment Gateway,1
2.9,0.157,0,1,Critical,Cloud Storage,Identity Provider,1
9.2,0.003,0,1,High,Application Gateway,Customer Portal,1
9.1,0.022,0,1,Low,API Service,Identity Provider,1
5.4,0.001,0,0,High,Database,Identity Provider,1
8.3,0.388,0,0,High,Web Server,Payment Gateway,1
9.1,0.038,0,0,Low,Database,Internal Operations,0
6.4,0.134,0,0,High,API Service,Payment Gateway,1
9.7,0.192,0,1,High,API Service,Customer Portal,1
7.9,0.02,0,1,High,API Service,Customer Portal,1
9.2,0.001,1,0,High,Application Gateway,Payment Gateway,1
6.4,0.092,0,1,Medium,API Service,Internal Operations,1
8.4,0.001,1,1,Medium,Database,Core Banking,1
8.6,0.057,0,0,High,Application Gateway,Payment Gateway,1
8.7,0.014,0,1,Medium,Database,Internal Operations,1
8.4,0.254,0,1,High,Database,Customer Portal,1
8.7,0.006,1,0,High,Web Server,Customer Portal,1
9.9,0.084,0,0,Medium,API Service,Customer Portal,1
7.7,0.887,1,0,Medium,Database,Identity Provider,1
9.3,0.337,1,0,Medium,Database,Payment Gateway,1
8.1,0.386,0,0,Critical,Application Gateway,Core Banking,1
5.5,0.001,0,0,Critical,API Service,Core Banking,1
9.4,0.005,0,1,High,Web Server,Payment Gateway,1
9.3,0.001,1,1,High,Database,Identity Provider,1
9.8,0.019,0,0,Medium,API Service,Core Banking,1
8.0,0.304,0,1,Critical,Web Server,Core Banking,1
4.2,0.018,0,0,Medium,Web Server,Payment Gateway,0
7.0,0.162,0,0,High,Web Server,Identity Provider,1
8.1,0.675,1,1,High,Web Server,Identity Provider,1
5.4,0.016,0,1,High,API Service,Core Banking,1
8.1,0.008,0,1,High,Database,Customer Portal,1
9.1,0.439,1,1,Low,Application Gateway,Payment Gateway,1
8.3,0.324,0,1,Critical,Application Gateway,Customer Portal,1
8.8,0.086,0,0,High,Web Server,Payment Gateway,1
5.8,0.048,0,0,Medium,Workstation,Core Banking,0
6.7,0.48,1,0,Medium,Database,Customer Portal,1
6.1,0.323,0,1,High,Application Gateway,Internal Operations,1
8.3,0.053,0,1,High,API Service,Core Banking,1
6.7,0.045,0,0,Medium,Workstation,Identity Provider,1
2.3,0.002,0,0,Low,Workstation,Customer Portal,0
6.3,0.062,0,0,Low,Web Server,Internal Operations,0
8.9,0.001,1,0,High,Workstation,Core Banking,1
9.9,0.004,0,0,Low,Application Gateway,Core Banking,1
6.1,0.042,0,0,Critical,Application Gateway,Internal Operations,0
7.1,0.181,0,1,Critical,Application Gateway,Payment Gateway,1
9.3,0.005,1,0,Medium,API Service,Payment Gateway,1
8.3,0.033,0,1,Critical,Application Gateway,Payment Gateway,1
7.4,0.157,1,0,Critical,Web Server,Identity Provider,1
7.5,0.227,0,0,High,Web Server,Payment Gateway,1
7.5,0.04,0,1,High,Database,Internal Operations,1
6.4,0.005,0,1,Medium,Workstation,Core Banking,1
8.0,0.32,0,1,Medium,Application Gateway,Payment Gateway,1
3.6,0.065,0,1,High,Database,Core Banking,1
9.6,0.01,0,1,High,API Service,Payment Gateway,1
4.5,0.347,0,1,Low,Application Gateway,Customer Portal,1
8.8,0.12,1,1,Medium,API Service,Customer Portal,1
8.0,0.356,0,1,High,Workstation,Core Banking,1
5.6,0.021,0,0,Low,Cloud Storage,Payment Gateway,0
8.7,0.025,0,1,Medium,Workstation,Customer Portal,1
5.6,0.001,0,1,Critical,Database,Identity Provider,1
8.4,0.402,0,0,Critical,Web Server,Identity Provider,1
4.8,0.017,0,0,Critical,Application Gateway,Identity Provider,1
5.7,0.181,0,0,Medium,Database,Payment Gateway,1
4.6,0.14,0,1,Critical,Application Gateway,Internal Operations,1
8.6,0.081,0,0,High,Database,Core Banking,1
9.6,0.623,1,0,Critical,Workstation,Payment Gateway,1
7.7,0.56,1,0,Low,Database,Identity Provider,1
5.0,0.112,0,0,High,Web Server,Internal Operations,0
8.7,0.229,1,0,Low,Database,Customer Portal,1
3.8,0.356,0,0,Low,Web Server,Payment Gateway,1
9.6,0.99,1,0,Critical,Cloud Storage,Core Banking,1
3.7,0.022,0,0,High,Database,Core Banking,1
6.4,0.001,0,0,Critical,Web Server,Internal Operations,1
5.6,0.569,0,0,Low,Database,Payment Gateway,1
7.6,0.836,0,1,High,Application Gateway,Identity Provider,1
8.4,0.059,0,0,Critical,Web Server,Core Banking,1
4.6,0.008,0,1,Critical,Workstation,Identity Provider,1
7.5,0.015,0,0,High,Application Gateway,Internal Operations,1
10.0,0.025,0,0,Low,Application Gateway,Core Banking,1
9.9,0.223,0,1,Medium,Application Gateway,Core Banking,1
5.6,0.055,0,0,Low,API Service,Identity Provider,0
5.3,0.015,0,1,High,API Service,Customer Portal,1
8.3,0.092,0,1,Critical,Web Server,Customer Portal,1
5.8,0.104,0,1,Low,Web Server,Customer Portal,0
4.6,0.233,0,1,Critical,Workstation,Payment Gateway,1
8.7,0.583,1,1,Low,API Service,Identity Provider,1
7.4,0.18,0,0,High,Workstation,Payment Gateway,1
6.8,0.183,0,0,Critical,Workstation,Internal Operations,0
5.5,0.28,0,1,Medium,Web Server,Core Banking,1
6.8,0.278,0,0,Low,Web Server,Identity Provider,0
5.4,0.062,0,1,Low,Workstation,Core Banking,0
4.6,0.001,0,1,Critical,Cloud Storage,Core Banking,1
3.7,0.608,0,1,Critical,Application Gateway,Core Banking,1
9.0,0.001,0,0,Medium,Application Gateway,Identity Provider,1
7.3,0.214,0,0,Medium,Cloud Storage,Customer Portal,1
5.8,0.001,0,1,Medium,Database,Internal Operations,1
6.1,0.519,1,1,Critical,Workstation,Core Banking,1
3.6,0.226,0,1,Low,Database,Customer Portal,0
8.1,0.348,0,0,Medium,Application Gateway,Identity Provider,1
4.9,0.158,0,0,Medium,Application Gateway,Payment Gateway,1
5.7,0.001,0,1,High,Application Gateway,Core Banking,1
7.3,0.316,0,0,High,Database,Core Banking,1
6.6,0.003,0,1,Low,Web Server,Core Banking,1
8.0,0.823,1,0,Medium,API Service,Core Banking,1
4.4,0.245,0,0,Low,Cloud Storage,Customer Portal,0
2.9,0.024,0,0,Low,Database,Payment Gateway,0
4.6,0.297,0,0,Medium,Web Server,Identity Provider,1
8.1,0.11,0,0,High,Web Server,Internal Operations,1
9.0,0.147,0,1,Critical,Web Server,Customer Portal,1
9.6,0.001,0,1,Critical,Web Server,Customer Portal,1
5.6,0.007,0,0,High,Application Gateway,Payment Gateway,1
8.1,0.032,0,1,Critical,Application Gateway,Internal Operations,1
4.7,0.005,0,1,High,Application Gateway,Core Banking,1
5.7,0.227,0,0,High,Application Gateway,Customer Portal,1
8.2,0.003,0,0,High,API Service,Internal Operations,1
4.2,0.064,0,0,High,Database,Customer Portal,0
7.2,0.246,0,0,Critical,Workstation,Identity Provider,1
5.4,0.307,0,0,Critical,Cloud Storage,Core Banking,1
5.5,0.458,0,1,Medium,Cloud Storage,Payment Gateway,1
6.3,0.034,0,0,High,Cloud Storage,Identity Provider,1
7.9,0.06,0,0,High,Database,Payment Gateway,1
6.6,0.004,0,1,Medium,Web Server,Identity Provider,1
7.6,0.137,0,1,Medium,Application Gateway,Payment Gateway,1
8.6,0.002,0,1,High,Workstation,Internal Operations,1
5.9,0.501,0,0,Medium,Workstation,Payment Gateway,1
4.1,0.001,0,0,Low,Workstation,Customer Portal,0
5.6,0.004,0,0,Medium,Database,Customer Portal,0
7.6,0.592,1,0,High,API Service,Core Banking,1
5.3,0.226,0,1,Medium,Application Gateway,Core Banking,1
9.0,0.117,0,0,Critical,Application Gateway,Core Banking,1
3.2,0.085,0,0,Medium,API Service,Core Banking,0
8.0,0.004,0,1,Low,Database,Core Banking,1
5.6,0.143,0,0,High,Cloud Storage,Core Banking,1
5.7,0.355,0,1,Low,Application Gateway,Customer Portal,1
6.7,0.09,0,0,High,Workstation,Payment Gateway,0
9.5,0.017,0,0,Low,Web Server,Internal Operations,0
4.5,0.001,0,0,Medium,Workstation,Customer Portal,0
8.9,0.019,0,0,Critical,Workstation,Payment Gateway,1
9.6,0.266,0,1,Medium,Cloud Storage,Core Banking,1
7.3,0.013,0,0,High,Database,Internal Operations,0
7.9,0.096,0,1,Critical,Cloud Storage,Payment Gateway,1
4.1,0.023,0,0,Medium,Application Gateway,Customer Portal,0
6.6,0.014,0,0,High,Application Gateway,Customer Portal,1
6.7,0.176,0,0,Medium,Database,Payment Gateway,1
7.7,0.006,1,1,High,Workstation,Identity Provider,1
8.0,0.011,0,0,Critical,Web Server,Core Banking,1
5.2,0.347,0,0,Low,Workstation,Core Banking,0
5.8,0.147,0,0,High,API Service,Identity Provider,1
8.1,0.046,0,1,Medium,Database,Customer Portal,1
8.8,0.001,1,1,Medium,Cloud Storage,Internal Operations,1
8.2,0.075,0,1,Medium,Application Gateway,Customer Portal,1
6.5,0.158,0,0,Low,Workstation,Identity Provider,0
3.4,0.062,0,0,Medium,Database,Identity Provider,0
7.1,0.001,0,0,High,Web Server,Payment Gateway,1
8.8,0.085,1,1,Low,Database,Identity Provider,1
6.7,0.197,0,1,Critical,Application Gateway,Customer Portal,1
8.5,0.005,1,0,High,Database,Payment Gateway,1
4.2,0.074,1,0,Low,Application Gateway,Customer Portal,0
9.1,0.282,0,0,Medium,Database,Payment Gateway,1
7.4,0.056,0,0,Medium,Application Gateway,Identity Provider,1
10.0,0.309,0,0,Medium,Web Server,Customer Portal,1
5.1,0.241,0,0,Medium,API Service,Internal Operations,0
6.4,0.051,0,0,Low,Web Server,Payment Gateway,0
7.1,0.113,0,0,High,Workstation,Customer Portal,0
10.0,0.056,0,1,Critical,Web Server,Payment Gateway,1
9.2,0.019,1,1,High,API Service,Customer Portal,1
9.0,0.076,0,1,Medium,API Service,Identity Provider,1
8.7,0.069,0,0,High,Database,Identity Provider,1
8.3,0.126,0,1,Critical,API Service,Identity Provider,1
6.7,0.002,0,1,High,Application Gateway,Internal Operations,1
8.6,0.001,1,1,Low,Workstation,Payment Gateway,1
4.0,0.115,0,0,Medium,API Service,Core Banking,0
4.8,0.045,0,1,High,Database,Customer Portal,1
8.3,0.047,0,0,Critical,API Service,Core Banking,1
5.8,0.12,0,1,High,Application Gateway,Payment Gateway,1
4.5,0.021,0,1,Critical,Database,Customer Portal,1
9.6,0.236,1,0,Critical,Application Gateway,Core Banking,1
4.9,0.011,0,1,Low,API Service,Core Banking,1
8.6,0.032,0,1,Low,API Service,Identity Provider,1
6.2,0.048,0,1,Critical,Workstation,Core Banking,1
5.5,0.216,0,0,Critical,Application Gateway,Payment Gateway,1
5.0,0.114,0,0,High,Web Server,Payment Gateway,1
5.4,0.005,0,1,High,API Service,Internal Operations,1
7.7,0.001,0,1,High,Application Gateway,Internal Operations,1
5.1,0.006,0,0,High,Web Server,Customer Portal,0
9.4,0.005,1,0,High,Application Gateway,Core Banking,1
9.0,0.007,0,1,Medium,Application Gateway,Internal Operations,1
8.4,0.06,0,0,Medium,Web Server,Customer Portal,1
9.0,0.217,0,0,Medium,API Service,Identity Provider,1
7.9,0.192,0,0,High,Application Gateway,Identity Provider,1
5.1,0.001,0,0,Low,Application Gateway,Core Banking,0
6.9,0.031,0,0,Low,Database,Core Banking,1
5.9,0.085,0,1,Critical,Database,Payment Gateway,1
7.8,0.182,0,0,High,Database,Core Banking,1
6.0,0.601,1,0,High,Database,Identity Provider,1
7.3,0.027,0,1,Critical,API Service,Internal Operations,1
9.0,0.019,0,0,High,Database,Identity Provider,1
4.1,0.001,0,0,Medium,API Service,Core Banking,0
6.8,0.17,1,0,High,API Service,Payment Gateway,1
7.6,0.003,0,0,High,Application Gateway,Payment Gateway,1
8.2,0.037,0,0,High,Application Gateway,Core Banking,1
8.2,0.446,1,1,Low,Workstation,Core Banking,1
7.4,0.007,0,0,High,Application Gateway,Customer Portal,1
8.9,0.007,0,0,Medium,Application Gateway,Payment Gateway,1
4.8,0.15,0,1,Critical,Application Gateway,Internal Operations,1
4.6,0.192,0,1,Critical,Web Server,Core Banking,1
7.8,0.059,0,0,Medium,Web Server,Identity Provider,1
9.4,0.225,0,1,Critical,Cloud Storage,Customer Portal,1
10.0,0.032,0,0,Critical,Workstation,Payment Gateway,1
3.1,0.174,0,1,Critical,Database,Identity Provider,1
7.9,0.062,0,1,Medium,Database,Identity Provider,1
4.2,0.002,0,0,Medium,Database,Customer Portal,0
5.8,0.169,0,1,High,Application Gateway,Customer Portal,1
8.4,0.029,0,0,Medium,Application Gateway,Payment Gateway,1
4.4,0.001,0,0,Critical,Application Gateway,Customer Portal,1
6.8,0.018,0,1,Medium,Application Gateway,Internal Operations,1
5.2,0.029,0,1,High,Database,Payment Gateway,1
6.8,0.001,0,1,Medium,Database,Core Banking,1
8.1,0.115,0,1,Low,Cloud Storage,Internal Operations,0
8.4,0.343,0,0,Low,Web Server,Core Banking,1
8.5,0.969,1,1,Critical,Cloud Storage,Customer Portal,1
6.9,0.001,0,1,Low,Database,Customer Portal,1
9.8,0.096,1,0,Critical,Web Server,Customer Portal,1
8.5,0.143,1,1,Low,Database,Core Banking,1
8.9,0.242,0,1,High,Application Gateway,Core Banking,1
5.8,0.016,0,1,High,Application Gateway,Payment Gateway,1
7.6,0.001,0,0,Critical,Cloud Storage,Identity Provider,1
6.8,0.099,0,0,Critical,Cloud Storage,Identity Provider,1
8.3,0.026,0,0,Medium,Application Gateway,Customer Portal,1
9.3,0.004,0,1,Low,Application Gateway,Customer Portal,1
5.0,0.001,0,1,Medium,Database,Payment Gateway,1
8.4,0.353,0,0,Medium,Application Gateway,Payment Gateway,1
8.0,0.166,1,0,Medium,Database,Identity Provider,1
6.2,0.223,0,0,High,Application Gateway,Core Banking,1
8.9,0.001,0,1,Critical,Web Server,Core Banking,1
7.9,0.148,0,1,Critical,Database,Payment Gateway,1
5.5,0.101,0,0,High,Database,Payment Gateway,1
8.4,0.018,0,0,High,Application Gateway,Core Banking,1
5.4,0.031,0,0,Critical,Database,Identity Provider,1
9.3,0.857,1,0,Critical,Cloud Storage,Internal Operations,1
8.2,0.06,0,0,Critical,Database,Internal Operations,1
5.9,0.545,1,0,Low,Workstation,Internal Operations,0
8.2,0.027,0,0,Critical,Workstation,Internal Operations,0
7.6,0.042,1,0,High,Cloud Storage,Customer Portal,1
7.0,0.108,0,0,Medium,API Service,Payment Gateway,1
2.9,0.001,0,1,High,API Service,Identity Provider,1
8.6,0.261,1,1,Critical,Workstation,Payment Gateway,1
6.8,0.105,0,0,High,Application Gateway,Core Banking,1
8.8,0.04,0,0,Critical,Web Server,Payment Gateway,1
5.4,0.057,0,0,High,Cloud Storage,Customer Portal,0
5.8,0.095,0,1,Critical,API Service,Core Banking,1
6.1,0.12,0,1,Medium,Cloud Storage,Payment Gateway,1
7.9,0.041,0,0,Medium,API Service,Core Banking,1
6.2,0.828,1,1,High,Workstation,Internal Operations,1
6.9,0.428,0,1,High,API Service,Customer Portal,1
5.3,0.054,0,1,High,API Service,Internal Operations,1
5.3,0.023,0,0,Medium,Web Server,Payment Gateway,1
8.4,0.422,1,1,High,Cloud Storage,Payment Gateway,1
8.1,0.138,1,0,Medium,Workstation,Customer Portal,1
6.2,0.044,0,0,Medium,Workstation,Core Banking,0
9.0,0.026,0,0,High,API Service,Customer Portal,1
7.3,0.376,0,0,High,Database,Identity Provider,1
9.2,0.008,1,1,High,Application Gateway,Identity Provider,1
5.5,0.105,0,1,Critical,Cloud Storage,Internal Operations,1
5.0,0.281,0,1,Critical,Web Server,Core Banking,1
7.2,0.565,0,0,Critical,Database,Payment Gateway,1
6.6,0.015,0,1,Critical,Application Gateway,Customer Portal,1
9.4,0.044,0,1,High,Workstation,Payment Gateway,1
9.0,0.001,1,0,Medium,Workstation,Core Banking,1
9.4,0.092,1,1,High,Workstation,Payment Gateway,1
9.0,0.558,1,1,Low,Web Server,Core Banking,1
7.5,0.066,0,0,Low,Database,Payment Gateway,1
6.5,0.023,0,0,Low,Database,Payment Gateway,1
7.8,0.185,0,1,Medium,Application Gateway,Customer Portal,1
6.1,0.038,0,1,High,Workstation,Customer Portal,1
7.4,0.001,0,0,Critical,Application Gateway,Identity Provider,1
9.3,0.081,1,1,Medium,Web Server,Customer Portal,1
9.3,0.064,1,0,Medium,Web Server,Payment Gateway,1
10.0,0.016,1,1,Medium,Web Server,Core Banking,1
8.1,0.062,0,0,Low,Cloud Storage,Payment Gateway,1
6.4,0.121,0,1,High,Application Gateway,Identity Provider,1
6.9,0.257,0,0,High,API Service,Identity Provider,1
7.9,0.067,0,1,Critical,Application Gateway,Payment Gateway,1
5.9,0.193,0,0,Critical,Application Gateway,Core Banking,1
6.8,0.447,0,1,High,Database,Internal Operations,1
5.5,0.065,0,1,Medium,Application Gateway,Customer Portal,1
4.4,0.676,0,0,Medium,API Service,Identity Provider,1
5.3,0.019,0,0,High,Web Server,Core Banking,1
4.6,0.092,0,0,Low,Application Gateway,Payment Gateway,0
4.7,0.006,0,0,Medium,Application Gateway,Identity Provider,0
5.3,0.124,0,0,Medium,Web Server,Customer Portal,0
8.7,0.035,0,0,Critical,Workstation,Customer Portal,1
5.1,0.487,1,0,Low,Database,Customer Portal,1
3.2,0.503,0,0,Medium,Web Server,Customer Portal,1
7.9,0.017,0,1,Critical,API Service,Identity Provider,1
5.5,0.001,0,0,Critical,Web Server,Core Banking,1
9.2,0.002,0,0,Low,Database,Core Banking,1
9.3,0.001,0,1,Critical,Web Server,Internal Operations,1
6.6,0.37,0,0,High,Web Server,Core Banking,1
3.6,0.021,0,1,High,API Service,Customer Portal,1
7.4,0.06,0,0,Medium,Web Server,Identity Provider,1
10.0,0.019,1,1,Medium,Cloud Storage,Internal Operations,1
9.9,0.422,1,1,High,Application Gateway,Core Banking,1
9.2,0.046,0,1,High,Cloud Storage,Core Banking,1
5.3,0.02,0,0,Low,Web Server,Identity Provider,0
7.0,0.004,0,0,Medium,API Service,Identity Provider,1
3.1,0.072,0,0,Low,Application Gateway,Identity Provider,0
7.8,0.251,0,0,High,Database,Core Banking,1
9.1,0.99,1,1,High,API Service,Core Banking,1
7.6,0.288,1,0,High,API Service,Customer Portal,1
9.2,0.473,0,0,Medium,Application Gateway,Internal Operations,1
7.1,0.004,0,0,Critical,Web Server,Internal Operations,1
3.9,0.298,0,1,High,Application Gateway,Payment Gateway,1
1.9,0.042,0,0,Critical,Cloud Storage,Core Banking,1
5.7,0.256,0,1,High,Workstation,Core Banking,1
7.7,0.001,0,0,Medium,Application Gateway,Internal Operations,0
7.0,0.179,0,0,Critical,Workstation,Customer Portal,1
5.8,0.008,0,0,Medium,Cloud Storage,Core Banking,1
8.5,0.116,0,0,Low,Database,Payment Gateway,1
8.1,0.002,0,1,High,API Service,Customer Portal,1
6.7,0.407,0,0,Medium,Database,Payment Gateway,1
7.5,0.226,0,0,Low,API Service,Identity Provider,0
6.1,0.032,0,1,Low,Database,Identity Provider,1
6.8,0.001,0,0,High,Database,Core Banking,1
8.7,0.172,0,1,Critical,Database,Core Banking,1
9.4,0.092,0,0,Critical,Application Gateway,Internal Operations,1
4.9,0.12,0,0,Medium,Workstation,Core Banking,0
8.7,0.438,1,0,Medium,Database,Payment Gateway,1
3.4,0.036,0,1,Medium,Database,Internal Operations,0
4.7,0.06,0,1,High,Workstation,Identity Provider,1
10.0,0.347,0,0,Critical,Web Server,Identity Provider,1
7.0,0.267,0,0,Medium,Web Server,Payment Gateway,1
9.5,0.609,1,1,High,Cloud Storage,Payment Gateway,1
4.5,0.133,0,1,Medium,Workstation,Payment Gateway,0
9.2,0.073,0,1,High,Application Gateway,Payment Gateway,1
5.5,0.633,0,0,High,Web Server,Identity Provider,1
5.5,0.244,0,0,High,Cloud Storage,Payment Gateway,1
8.7,0.08,1,0,High,Database,Identity Provider,1
6.8,0.001,0,0,High,Database,Core Banking,1
9.0,0.318,0,0,Critical,Application Gateway,Core Banking,1
8.8,0.059,1,0,High,Application Gateway,Internal Operations,1
9.1,0.001,0,1,Critical,API Service,Payment Gateway,1
9.5,0.71,1,0,Critical,API Service,Core Banking,1
3.9,0.033,0,0,Medium,Cloud Storage,Core Banking,0
4.5,0.006,0,0,High,API Service,Payment Gateway,1
4.9,0.004,0,0,Medium,Database,Core Banking,1
6.5,0.045,0,0,Medium,Application Gateway,Core Banking,1
9.6,0.035,1,0,Medium,Cloud Storage,Customer Portal,1
9.8,0.611,0,0,Low,Database,Identity Provider,1
6.5,0.358,1,1,Critical,Database,Customer Portal,1
5.3,0.313,0,0,Medium,Cloud Storage,Payment Gateway,1
7.7,0.489,1,0,Low,Web Server,Customer Portal,1
5.4,0.019,0,1,Low,Database,Payment Gateway,1
9.1,0.271,1,0,Critical,Workstation,Customer Portal,1
10.0,0.109,0,1,High,Cloud Storage,Customer Portal,1
7.7,0.029,0,1,Critical,Application Gateway,Payment Gateway,1
8.2,0.229,0,0,Medium,Workstation,Identity Provider,1
8.7,0.465,0,1,Medium,Database,Internal Operations,1
6.6,0.029,0,0,High,Web Server,Identity Provider,1
8.3,0.017,0,1,High,Cloud Storage,Core Banking,1
7.7,0.99,1,0,Medium,Cloud Storage,Customer Portal,1
5.6,0.026,0,1,High,Database,Internal Operations,1
9.1,0.662,0,0,Low,Database,Core Banking,1
7.7,0.001,0,0,Medium,Application Gateway,Identity Provider,1
9.7,0.227,1,0,Critical,Web Server,Payment Gateway,1
9.6,0.078,0,1,Medium,Application Gateway,Payment Gateway,1
8.6,0.167,0,1,High,Database,Identity Provider,1
8.6,0.121,0,1,Medium,Application Gateway,Identity Provider,1
9.0,0.015,0,1,Low,Database,Identity Provider,1
7.7,0.073,0,0,Low,Application Gateway,Internal Operations,0
8.5,0.302,1,0,High,Workstation,Payment Gateway,1
6.6,0.594,0,0,High,Database,Payment Gateway,1
9.3,0.11,1,0,High,Database,Internal Operations,1
4.8,0.001,0,1,High,Workstation,Payment Gateway,1
9.9,0.208,1,1,Critical,API Service,Customer Portal,1
8.2,0.004,0,1,High,Database,Customer Portal,1
5.3,0.525,1,0,Critical,Application Gateway,Payment Gateway,1
7.9,0.201,0,0,High,API Service,Core Banking,1
7.2,0.205,0,1,High,Database,Customer Portal,1
5.9,0.405,1,1,Low,API Service,Internal Operations,1
6.3,0.603,1,0,Medium,Database,Identity Provider,1
6.2,0.145,0,0,High,Database,Customer Portal,1
8.8,0.038,1,0,Critical,Web Server,Core Banking,1
7.4,0.005,0,1,High,API Service,Core Banking,1
7.5,0.684,1,1,High,Cloud Storage,Payment Gateway,1
6.3,0.294,0,0,High,Application Gateway,Core Banking,1
4.2,0.091,0,0,Medium,Web Server,Payment Gateway,0
7.5,0.001,0,1,Medium,Application Gateway,Payment Gateway,1
9.5,0.074,0,0,Medium,Web Server,Core Banking,1
8.8,0.2,0,0,High,Workstation,Core Banking,1
4.4,0.006,0,1,Low,Database,Payment Gateway,1
8.7,0.211,0,0,Low,Cloud Storage,Customer Portal,0
7.6,0.818,1,1,High,Web Server,Customer Portal,1
9.5,0.006,1,1,High,Cloud Storage,Payment Gateway,1
7.5,0.021,0,0,High,API Service,Internal Operations,0
9.0,0.181,1,1,Critical,Application Gateway,Payment Gateway,1
8.8,0.283,0,0,Medium,Database,Internal Operations,1
10.0,0.054,0,0,High,Database,Payment Gateway,1
6.2,0.159,0,1,Critical,Application Gateway,Internal Operations,1
7.4,0.374,0,0,Critical,Web Server,Payment Gateway,1
8.9,0.001,0,0,High,Web Server,Identity Provider,1
5.5,0.001,0,0,Low,Cloud Storage,Core Banking,0
7.6,0.169,0,0,Medium,Database,Identity Provider,1
8.2,0.353,0,1,Medium,API Service,Core Banking,1
4.9,0.001,0,0,High,Cloud Storage,Payment Gateway,1
5.2,0.185,0,0,Medium,Workstation,Identity Provider,0
7.6,0.726,1,0,High,Database,Payment Gateway,1
2.4,0.018,0,1,Medium,Web Server,Internal Operations,0
10.0,0.962,1,0,Critical,Database,Payment Gateway,1
8.4,0.22,0,1,High,Database,Core Banking,1
7.7,0.06,0,0,High,Database,Identity Provider,1
5.5,0.013,0,0,High,Workstation,Core Banking,1
8.7,0.185,0,0,Low,Web Server,Payment Gateway,1
9.5,0.009,0,0,Critical,Web Server,Identity Provider,1
8.9,0.132,0,1,High,Cloud Storage,Identity Provider,1
8.5,0.461,1,1,High,Application Gateway,Internal Operations,1
6.8,0.224,0,1,Low,Web Server,Core Banking,1
